2026-05-22 17:39:16.379280,quiero comprar un departamento,"¡Buenísimo! ¿Tenés algún presupuesto en mente y preferís alguna zona en particular, como Asunción o Molas López?

🔥 Tengo opciones que te pueden encajar muy bien. Si querés te paso algunas ahora mismo o coordinamos una visita 👇"
2026-05-22 17:39:37.390301,tengo presupuesto de 150 mil usd,"¡Genial! Con ese presupuesto, tienes buenas opciones. ¿Te interesa más comprar una casa o un departamento? Y, ¿tienes alguna zona preferida, como Asunción o San Bernardino? 🏡

🔥 Tengo opciones que te pueden encajar muy bien. Si querés te paso algunas ahora mismo o coordinamos una visita 👇"
2026-05-22 18:29:29.353085,Tengo 150 mil USD y busco departamento con gimnasio,"¡Hola! Con un presupuesto de 150 mil USD, tengo algunas opciones que podrían interesarte. 

Una de ellas es el **Edificio Ventura Ykua Sati**, donde hay departamentos desde 100 mil USD. Este edificio tiene varias opciones de 1, 2 y 3 dormitorios, y aunque no menciona específicamente el gimnasio, puedo confirmar si tienen acceso a instalaciones de este tipo. La entrega es prevista para 2027 y 2028, con financiación propia.

Otra opción a considerar es el **Edificio Bernardino**, que cuenta con piscina, gimnasio, quinchos y portería las 24 horas, pero su precio es un poco más alto, en Gs. 1.680.000.000.

¿Qué te parece? ¿Te gustaría que investigue más sobre estas propiedades o agendar una visita? También sería útil saber si tienes alguna preferencia en cuanto a la zona donde buscas el departamento.

🔥 Tengo opciones que te pueden encajar muy bien.

Si querés podemos coordinar una visita o seguir por WhatsApp 👇
",CALIENTE 🔥
2026-05-22 18:36:18.628295,Tengo 150 mil USD,"¡Genial! Con un presupuesto de 150 mil USD, tienes algunas opciones interesantes. ¿Tienes en mente una zona específica en Paraguay donde te gustaría comprar la propiedad? Además, ¿qué tipo de propiedad prefieres, como un departamento, casa o dúplex? 

Con esa información, puedo recomendarte las mejores opciones disponibles.

🔥 Tengo opciones que te pueden encajar muy bien.

Si querés podemos coordinar una visita o seguir por WhatsApp 👇
",CALIENTE 🔥
2026-05-22 18:39:41.741989,Quiero agendar una visita,"¡Claro! Estoy aquí para ayudarte. ¿Podrías decirme qué tipo de propiedad te interesa? También quisiera conocer tu presupuesto y la zona en la que buscas. Con esa información, podré recomendarte las mejores opciones y agendar la visita.

🔥 Tengo opciones que te pueden encajar muy bien.

Si querés podemos coordinar una visita o seguir por WhatsApp 👇
",CALIENTE 🔥
2026-05-22 18:40:18.094011,Quiero agendar una visiTengo 150 mil USD y busco departamento con gimnasiota,"¡Claro! Con un presupuesto de 150 mil USD, tengo algunas opciones que podrían interesarte. 

Una excelente opción es el **Edificio Ventura Ykua Sati**, donde los departamentos comienzan a partir de 100 mil USD. Este edificio cuenta con varias unidades de 1, 2 y 3 dormitorios, además de un patio interno amplio y la posibilidad de financiación propia. Es un proyecto que tiene entrega programada para 2027 y 2028.

Sin embargo, si buscas algo ya disponible y que cuente con gimnasio, te recomendaría el **Edificio Bernardino**, aunque su precio es de Gs. 1.680.000.000, que podría ser un poco más elevado que tu presupuesto. Este edificio tiene 2 dormitorios, piscina, gimnasio y muchas amenidades.

¿Te interesa alguna de estas opciones o tienes alguna preferencia adicional sobre la zona donde te gustaría vivir? ¡Así puedo ayudarte mejor!

🔥 Tengo opciones que te pueden encajar muy bien.

Si querés podemos coordinar una visita o seguir por WhatsApp 👇
",CALIENTE 🔥
2026-05-22 18:40:26.157059,Tengo 150 mil USD y busco departamento con gimnasiota,"¡Hola! Gracias por tu consulta. Con un presupuesto de 150 mil USD, tienes algunas opciones interesantes. 

Una de las propiedades que podría interesarte es el **Edificio Ventura Ykua Sati**, que tiene departamentos desde 100 mil USD. Este edificio cuenta con varias torres y opciones de 1, 2 y 3 dormitorios. Además, ofrece financiación propia y tiene un patio interno amplio. Sin embargo, no tienen información de gimnasio en la descripción.

Otra opción que puedes considerar, aunque un poco por encima de tu presupuesto, es el **Edificio Bernardino**, que tiene un gimnasio, piscina y otras comodidades. Su precio está en Gs. 1.680.000.000.

¿Te gustaría que exploremos alguna de estas opciones o alguna otra? También sería bueno saber en qué zona te gustaría buscar y cuántos dormitorios necesitas.

🔥 Tengo opciones que te pueden encajar muy bien.

Si querés podemos coordinar una visita o seguir por WhatsApp 👇
",CALIENTE 🔥
2026-05-22 18:48:50.892455,Tengo 150 mil USD y busco un departamento en Asunción,"¡Perfecto! Con un presupuesto de 150,000 USD, tienes varias opciones interesantes. 

Te recomendaría considerar el ""Edificio Ventura Ykua Sati"", que tiene precios desde 100,000 USD y ofrece departamentos de 1, 2 y 3 dormitorios con financiación propia. Esta opción es muy atractiva, sobre todo porque la entrega es en 2027 y 2028, lo que te da tiempo para planificar.

Para ayudarte mejor, ¿hay alguna zona específica de Asunción que prefieras? Y además, ¿qué tipo de departamento estás buscando?

🔥 Tengo opciones que te pueden encajar muy bien.

Si querés podemos coordinar una visita o seguir por WhatsApp 👇
",CALIENTE 🔥
2026-05-22 19:18:33.755726,Quiero comprar un departamento,"¡Genial! Estoy aquí para ayudarte a encontrar el departamento perfecto. Para poder recomendarte las mejores opciones, ¿podrías decirme cuál es tu presupuesto y en qué zona te gustaría buscar? Además, ¿qué tipo de departamento estás buscando? (por ejemplo, cuántos dormitorios). 

🔥 Tengo opciones que te pueden encajar muy bien.

Si querés podemos coordinar una visita o seguir por WhatsApp 👇
",CALIENTE 🔥
2026-05-22 19:27:29.407891,Quiero comprar un departamento,"¡Hola! ¡Qué emocionante que estés interesado en comprar un departamento! Para poder ayudarte mejor, ¿podrías decirme cuál es tu presupuesto aproximado, en qué zona te gustaría comprar y cuántos dormitorios necesitas? Así podré recomendarte las propiedades que se ajusten a lo que buscas.

🔥 Tengo opciones que te pueden encajar muy bien.

Si querés podemos coordinar una visita o seguir por WhatsApp 👇
",CALIENTE 🔥
2026-05-22 20:04:22.071156,whatsapp:+595981466040,Quiero ver villa aurelia,"¡Claro! El Dúplex en Villa Aurelia es una excelente opción. Tiene 3 dormitorios, 2 baños, un patio y un quincho, ideal para disfrutar con la familia. Además, cuenta con la posibilidad de acceder a un crédito bancario.

Antes de coordinar una visita, me gustaría saber un poco más. ¿Cuál es su presupuesto? Además, ¿es esta la zona que tiene en mente o está considerando otras?

🔥 Tengo opciones que te pueden encajar muy bien.

Si querés podemos coordinar una visita o seguir por WhatsApp 👇
",CALIENTE 🔥
