2026-04-30 12:21:50.927904,Hola,¡Hola! ¿Cómo puedo ayudarte hoy?
2026-04-30 12:24:33.419685,Hola,¡Hola! ¿En qué puedo ayudarte hoy?
2026-04-30 12:26:55.812266,Hola quiero mejorar mi cuerpo,"¡Hola! Es genial que quieras mejorar tu cuerpo. Hay varias formas de hacerlo, dependiendo de tus objetivos específicos. ¿Te gustaría enfocarte en la pérdida de peso, aumentar masa muscular, tonificar, o mejorar tu salud en general? También puedo ofrecerte recomendaciones sobre ejercicio, nutrición o incluso suplementos si lo deseas. ¡Cuéntame más sobre tus metas!"
2026-04-30 12:42:09.920311,"Hola, que perfumes tienen?","¡Hola! Ofrecemos una amplia variedad de perfumes para todos los gustos. Algunos de los tipos más populares incluyen:

1. **Fragancias frescas**: ideales para el día a día, con notas cítricas y acuáticas.
2. **Fragancias florales**: perfectas para quienes aman los aromas suaves y románticos.
3. **Fragancias amaderadas**: con notas ricas y profundas, perfectas para ocasiones especiales.
4. **Fragancias orientales**: intensas y exóticas, con especias y aromas cálidos.

Si tienes algo específico en mente o un tipo de aroma que prefieras, ¡estaré encantado de ayudarte a encontrar el perfume perfecto!"
2026-04-30 12:46:04.330572,Hola quiero un perfume,"¡Hola! Claro, estaré encantado de ayudarte a encontrar el perfume perfecto. ¿Tienes alguna preferencia en cuanto a notas o aromas? Por ejemplo, ¿prefieres algo floral, fresco, oriental o amaderado? También sería útil saber si buscas un perfume para el uso diario, una ocasión especial, o quizás para regalar."
2026-04-30 12:46:27.330791,algo dulce,"¡Claro! Si estás buscando algo dulce, ¿qué tipo de dulce te interesa? Puede ser un postre, chocolate, pasteles, galletas, o incluso recetas. Estoy aquí para ayudarte a encontrar la opción perfecta. ¡Cuéntame un poco más!"
2026-04-30 13:44:23.560334,Busco departamento en Molas Lopez,¡Perfecto! ¿Cuál es tu presupuesto y qué tipo de departamento estás buscando?
2026-04-30 13:44:41.854762,No se que comprar,"¡Hola! Entiendo, podemos encontrar algo que se ajuste a tus necesidades. ¿Qué tipo de propiedad estás buscando? ¿Casa, departamento o inversión? Y, ¿tienes un presupuesto o una zona en mente?"
2026-04-30 18:00:12.290814,hola quiero un departamento en molas,"¡Hola! Claro, puedo ayudarte con eso. ¿Tienes un presupuesto en mente y alguna preferencia específica en cuanto al número de habitaciones o características?"
2026-04-30 18:13:52.117081,"“hola”
“busco depto en molas”“cuánto cuesta”","¡Hola! 😊 Para poder ayudarte mejor, ¿puedes decirme cuál es tu presupuesto aproximado y qué características buscas en el departamento? Así te muestro las mejores opciones en Molas López."
2026-04-30 22:36:27.524833,hola,¡Hola! ¿Cómo puedo ayudarte hoy en tu búsqueda de propiedad?
2026-04-30 22:37:47.259688,busco departamentos por villa morra,¡Claro! ¿Tienes un presupuesto aproximado en mente? También sería útil saber cuántos dormitorios buscas y si prefieres algún tipo de amenidades. 
2026-04-30 22:38:49.445718,tengo 300.000 gs y busco de 3 dormitorios con picina y gimnasio,"¿Buscas en alguna zona en particular, como Asunción o San Bernardino? ¿O hay alguna preferencia sobre el tipo de propiedad? Con tu presupuesto, puedo ayudarte a encontrar algunas opciones."
2026-04-30 22:41:49.319899,asuncion,"Perfecto. ¿Qué tipo de propiedad buscas en Asunción? ¿Un departamento, casa o algo más? También, ¿cuál es tu presupuesto aproximado?"
2026-04-30 22:42:19.958762,"un departamento, cuanto suele ser el presupuento por esa zona","Claro, ¿en qué zona estás interesado? Por ejemplo, Asunción o Molas López tienen diferentes rangos de precios. También, ¿tienes un presupuesto específico en mente?"
2026-04-30 22:43:10.497948,en zona villa morra hay algo disponible? por 200 mil?,"Actualmente no tengo propiedades específicas en Villa Morra, pero puedo ofrecerte opciones en zonas cercanas que podrían ajustarse a tu presupuesto. ¿Te interesa explorar propiedades en Asunción o Molas López con ese rango de precio?"
2026-04-30 22:43:27.448482,molas lopez,"¡Perfecto! ¿Qué tipo de propiedad estás buscando en Molas López? ¿Un departamento, una casa o algo comercial? Además, ¿cuál es tu presupuesto aproximado?"
2026-04-30 22:43:38.236009,departametno,"Perfecto, ¿en qué zona te gustaría comprar el departamento? Y también, ¿cuál es tu presupuesto aproximado?"
2026-04-30 22:44:06.331916,"molas lopez, un departamento de 2 habitaciones de 200 mil",Entiendo que buscas un departamento de 2 habitaciones en Molas López con un presupuesto de 200 mil. Te puedo pasar 2 o 3 opciones en esa zona 👇. ¿Te gustaría que te envíe información sobre algunas propiedades disponibles?
2026-05-01 00:42:33.053834,"si, por favor","Claro, ¿podrías indicarme en qué zona te interesa más buscar? Además, me gustaría saber tu presupuesto y qué tipo de propiedad prefieres (departamento, casa, local comercial). Esto me ayudará a ofrecerte opciones más específicas."
2026-05-01 00:50:08.456623,hola,¡Hola! ¿Cómo puedo ayudarte hoy en tu búsqueda de propiedades?
